Table S2. Radiocarbon data from trees killed in the Electron Mudflow. ,,,,,,,,,
,,,,,,,,,
Tree sample identification,Sample location Latitude,Sample location Longitude,Laboratory idendification number,Laboratory that radiocarbon dated the sample,Corrected conventional radiocarbon age in 14C yr BP,Reported uncertainty (1-sigma error) in years,13C/12C in ‰,Offset ring count in years,Date of 14C analysis
ELE11,47.104,-122.215,Beta-71969,Beta Analytic,540,50,-24.5,210,5/5/1994
ELE01,47.104,-122.215,WW-3793,USGS Eastern Earth Surfaces Process Team,562,38,-25.0,98,2/15/2002
ELE01,47.104,-122.215,WW-3794,USGS Eastern Earth Surfaces Process Team,625,38,-25.0,198,2/15/2002
ELE01,47.104,-122.215,WW-3795,USGS Eastern Earth Surfaces Process Team,878,44,-25.0,298,2/15/2002
ELE01,47.104,-122.215,WW-1875,USGS Eastern Earth Surfaces Process Team,950,40,-25.0,355,7/28/1998
ELE01,47.104,-122.215,Beta-82791,Beta Analytic,1010,50,-27.3,355,7/14/1995
ELE39,47.110,-122.224,WW-3088,USGS Eastern Earth Surfaces Process Team,970,40,-25.0,400,12/13/2000
KAP14a,46.975,-122.227,D-AMS 010693,DirectAMS,498,21,-24.3,61,7/1/2015
