Filename, min_x, max_x, min_y, max_y, min_z, max_z
20020326_10_ld_p3.copc.laz, 417944.88616981654, 432880.9309023929, 5152255.736542555, (np.float64(5153858.892646249), np.float64(-1.514239242573602), np.float64(63.318385517565176))
20020326_11_ld_p3.copc.laz, 417938.8610016484, 432665.7940235481, 5153678.552013556, (np.float64(5155270.358838105), np.float64(-1.5947962673618328), np.float64(70.36561962783063))
20020326_12_ld_p3.copc.laz, 417803.1550005076, 432455.10980728816, 5155092.215053499, (np.float64(5156767.141001269), np.float64(-1.7703303972219686), np.float64(65.93572685038905))
20020326_13_ld_p3.copc.laz, 417648.9788256844, 431566.08661334263, 5156596.449421763, (np.float64(5158478.18762218), np.float64(-1.7926077465576853), np.float64(70.4492932579544))
20020326_14_ld_p3.copc.laz, 417522.8789190171, 430445.78999788547, 5158318.188259931, (np.float64(5160333.9943080945), np.float64(-1.771961259359223), np.float64(22.502327931453753))
20020326_15_ld_p3.copc.laz, 417531.2447174808, 429374.7167360829, 5160185.641553644, (np.float64(5162206.454821713), np.float64(-1.7497937694069172), np.float64(20.87960654920831))
20020326_16_ld_p3.copc.laz, 417564.54636905063, 429904.1359588632, 5162057.275788879, (np.float64(5163701.860932542), np.float64(-1.3875375719554057), np.float64(22.975832777895928))
20020326_17_ld_p3.copc.laz, 417591.0242055591, 430128.6712047283, 5163547.49931802, (np.float64(5165180.405702976), np.float64(-1.724414428989423), np.float64(42.80880147015119))
20020326_18_ld_p3.copc.laz, 417616.8196185056, 430368.4437167464, 5165023.814442603, (np.float64(5166620.944949902), np.float64(-1.6670811080711196), np.float64(42.52637874308577))
20020326_19_ld_p3.copc.laz, 417615.67152021045, 430576.8500710527, 5166461.64342626, (np.float64(5167941.165630287), np.float64(-2.2964583200229924), np.float64(45.459778138338734))
20020326_1_ld_p3.copc.laz, 417467.98841062566, 427839.8711095779, 5134228.617498035, (np.float64(5137362.817501712), np.float64(-2.05698927031753), np.float64(145.90392260278873))
20020326_20_ld_p3.copc.laz, 417521.2865452163, 431220.2382940585, 5167778.389016541, (np.float64(5169237.026192235), np.float64(-1.648689104579116), np.float64(54.176508710170154))
20020326_21_ld_p3.copc.laz, 417430.0129230871, 433154.6247156068, 5169065.79557489, (np.float64(5170509.168984578), np.float64(-1.929146278377491), np.float64(74.87591265293204))
20020326_22_ld_p3.copc.laz, 417353.3988287039, 436534.02086912113, 5170314.557533201, (np.float64(5171567.356710418), np.float64(-1.8946258722479463), np.float64(55.22345372099345))
20020326_23_ld_p3.copc.laz, 417287.1559335336, 437563.227167267, 5171335.080911278, (np.float64(5172480.065290647), np.float64(-2.1697448875464254), np.float64(34.00328931996211))
20020326_24_ld_p3.copc.laz, 417227.8635498008, 438343.3618054097, 5172236.534958887, (np.float64(5173306.44797261), np.float64(-1.9574689222289905), np.float64(64.4238490062396))
20020326_25_ld_p3.copc.laz, 417167.14772797574, 438234.339189631, 5173055.4050017055, (np.float64(5174143.839429874), np.float64(-1.9458433231043948), np.float64(132.49511797373628))
20020326_26_ld_p3.copc.laz, 417104.64772425726, 437507.7161703377, 5173900.17205414, (np.float64(5175010.979186143), np.float64(-2.2118278890970515), np.float64(107.79054149890364))
20020326_27_ld_p3.copc.laz, 417000.65583030315, 436815.8642559488, 5174772.015210396, (np.float64(5176455.226282769), np.float64(-2.2919325581998855), np.float64(143.14619669670918))
20020326_28_ld_p3.copc.laz, 416984.6122882563, 435573.5490770202, 5176228.247954453, (np.float64(5177867.169660195), np.float64(-2.2136054005780537), np.float64(187.31070755673494))
20020326_2_ld_p3.copc.laz, 417747.0587783584, 427803.3386785036, 5137239.128414761, (np.float64(5139440.5964396335), np.float64(-2.3120750189593444), np.float64(145.73853996813992))
20020326_3_ld_p3.copc.laz, 417960.661234203, 432456.9974834466, 5139316.447363027, (np.float64(5141692.0852995375), np.float64(-1.5169184742984996), np.float64(198.77519689794175))
20020326_4_ld_p3.copc.laz, 418137.16096944746, 432863.8654115911, 5141517.195322366, (np.float64(5143423.780511939), np.float64(-1.0949502855310698), np.float64(193.25251404027512))
20020326_5_ld_p3.copc.laz, 418074.3574594807, 432872.3970746145, 5143244.7394744735, (np.float64(5145410.851525425), np.float64(-1.2929554068787006), np.float64(200.5068793808328))
20020326_6_ld_p3.copc.laz, 418003.43832282536, 431215.37248913106, 5145250.284512302, (np.float64(5147646.521353919), np.float64(-2.1669430670122054), np.float64(217.1518400353209))
20020326_7_ld_p3.copc.laz, 417940.44197551865, 429317.6702799599, 5147507.991925208, (np.float64(5149623.499608276), np.float64(-2.36022741758169), np.float64(156.5345980164885))
20020326_8_ld_p3.copc.laz, 417938.75357349304, 432818.03540727164, 5149480.976658249, (np.float64(5151174.571706525), np.float64(-2.2964795856003093), np.float64(73.22196707758047))
20020326_9_ld_p3.copc.laz, 417941.99011930823, 433057.08023896033, 5150992.117408126, (np.float64(5152438.864403565), np.float64(-2.2827765800618387), np.float64(42.374137020764564))
